"domain","decision_question","evidence_to_request","minimum_pass_condition","red_flag","owner","stage"
"Member job","Which repeated member outcome must the platform make easier?","Interview synthesis, proposed member journey, and one measurable success event","One primary job is supported end to end without custom work","The decision is driven by a feature list or visual preference","Founder","Before demo"
"Activation","Can a new member reach first value in one session?","Live walkthrough using a blank test account and a timed activation script","The critical path is understandable, instrumentable, and under ten minutes","Activation requires staff intervention or undocumented workarounds","Product","Demo"
"Core loop","Can the product express the weekly behavior that creates retention?","A configured prototype using the real content, roles, and member journey","The loop can run for a 90-day cohort without a bespoke application","The vendor proposes roadmap promises for the central behavior","Product","Pilot design"
"Information architecture","Can spaces, courses, groups, roles, and permissions match the intended operating model?","Configured sandbox and a written map of limits, nesting, and role inheritance","The intended model fits without duplicating people or content","Critical structure depends on naming hacks or manual duplication","Community lead","Demo"
"Visual system","Which interface elements can be changed without vendor services?","Theme documentation, CSS limits, component inventory, and a branded sandbox","Typography, color, domain, navigation, and key landing surfaces meet the launch bar","White label means only removing a vendor logo","Design","Demo"
"Custom UI","Can one critical journey be replaced or embedded?","Headless, SDK, extension, embed, or custom-page documentation with a working sample","The differentiating journey has a supported implementation path and stable identity handoff","Custom work depends on DOM injection or an undocumented private endpoint","Engineering","Technical spike"
"Identity","Who is the canonical identity provider and how are duplicate accounts resolved?","SSO docs, identity schema, merge flow, account deletion flow, and sandbox test","Stable external IDs, documented merge behavior, and reversible SSO setup","Email address is the only durable key or merges require vendor support","Engineering","Technical spike"
"Entitlements","How do payment status, cohort, role, and content access combine?","Entitlement model, webhook events, failure modes, and test cases","Access changes are deterministic, auditable, and recover after delayed payment events","Staff must repair access manually or roles silently override purchases","Engineering","Technical spike"
"Member export","Can every member and profile field be exported without vendor services?","A real export from the sandbox, schema documentation, and API pagination test","Stable IDs, timestamps, consent fields, roles, and custom fields are present","Only names and email addresses are exportable","Data","Before contract"
"Content export","Can posts, comments, courses, files, events, and moderation history leave intact?","Sample full export including relationships, attachments, authorship, and timestamps","Content retains IDs, hierarchy, authorship, media links, and timestamps","Export is a visual PDF, flat feed, or paid professional-service promise","Data","Before contract"
"Relationship export","Can follows, groups, cohorts, referrals, reputation, and progress be reconstructed?","Relationship tables or API responses plus an import/rebuild plan","The community graph and learning state can be rebuilt with documented keys","Only content and contacts are portable","Data","Before contract"
"Payment portability","Can subscriptions move without forcing members to repurchase?","Processor ownership, customer IDs, subscription export, and migration procedure","The creator owns the Stripe account or has a documented token-migration path","The vendor is merchant of record with no supported subscription transition","Finance","Before contract"
"API coverage","Does the public API cover the objects needed for the 90-day plan?","Current API reference, scopes, pagination, rate limits, changelog, and sandbox token","Every required read and write is documented, scoped, and tested","Sales promises API access but no reference or test credentials exist","Engineering","Technical spike"
"Webhooks","Are critical events complete, signed, ordered, retryable, and replayable?","Event catalog, signature docs, retry policy, idempotency guidance, and failure simulation","Critical events are signed, uniquely identified, and recoverable after downtime","Fire-and-forget webhooks have no replay or event IDs","Engineering","Technical spike"
"MCP","Is the MCP server operational or only documentation and marketing?","Official tool list, authentication model, scopes, quotas, audit behavior, and live test","Tools expose the required objects with least privilege and clear approval boundaries","A generic integration logo or code tutorial is presented as live account access","AI lead","Technical spike"
"AI writes","Which AI actions can create, edit, message, moderate, or delete?","Tool-level permission matrix, approval settings, audit log, and rollback demonstration","Consequential writes can require human approval and are attributable and reversible","One admin credential grants every agent unrestricted write access","Security","Technical spike"
"AI data use","Is customer or member content used to train vendor or third-party models?","DPA, subprocessors, model-provider terms, retention settings, and opt-out controls","Training is off by contract, retention is bounded, and sensitive fields can be excluded","The vendor cannot identify model providers or retention behavior","Privacy","Before contract"
"Search privacy","Can AI search avoid exposing private groups or restricted courses?","Permission-aware retrieval test across at least three roles","Retrieval enforces source permissions before results reach the model","The model filters results only after retrieving unrestricted content","Security","Technical spike"
"Auditability","Can staff answer who did what, when, and through which automation?","Audit-log export showing human, API, webhook, and AI actions","Critical actions carry actor, timestamp, object, request, and outcome","Automation activity is indistinguishable from an administrator","Security","Before contract"
"Native app model","Is mobile shared, branded, or truly customer-owned?","Live store listings, contract language, release process, and reference customer call","The exact operating model and dependencies are explicit","A responsive website or PWA is described as a native white-label app","Product","Before contract"
"Store accounts","Who owns Apple and Google developer accounts, bundle IDs, signing keys, and listings?","Screenshare of account setup plus contract schedule for every asset","Customer accounts and transferable identifiers are used, or exit rights are explicit","The vendor controls the listing and offers no transfer mechanism","Legal","Before contract"
"Mobile releases","How quickly are urgent fixes and OS updates shipped?","Release SLA, maintenance history, rejection process, and last twelve release dates","Critical fixes have a defined SLA and normal releases have a predictable cadence","App updates require a new quote or wait for a pooled release train","Engineering","Before contract"
"In-app purchase","How do App Store rules affect memberships and pricing?","Approved purchase flow, entitlement architecture, and fee model by country","The flow is policy-compliant and unit economics remain viable","The vendor recommends hiding or bypassing platform payment rules","Legal","Before contract"
"Accessibility","Has the actual member experience been tested to WCAG 2.2 AA?","VPAT or audit, keyboard demo, screen-reader demo, captions, and remediation SLA","Critical journeys pass keyboard, focus, contrast, labeling, and zoom checks","Accessibility is answered with an unsupported compliance badge","Design","Pilot"
"Security program","What independent assurance covers the platform and its subprocessors?","SOC 2 or equivalent report, penetration-test summary, vulnerability process, and security contact","Evidence is current, scoped to the purchased service, and material findings are remediated","Only a generic security page or self-attestation is available","Security","Before contract"
"Data residency","Where are production data, backups, logs, and AI requests processed?","Architecture diagram, region list, subprocessor register, and transfer mechanism","Residency and cross-border transfers meet the community's legal requirements","The vendor cannot map backups or AI subprocessors to regions","Privacy","Before contract"
"Deletion","Can one member and the whole tenant be deleted from active systems and backups?","Deletion workflow, retention schedule, backup expiry, and completed test ticket","Timelines and exceptions are contractual and a member request can be verified","Deletion means only hiding an account","Privacy","Pilot"
"Availability","What reliability does the critical member journey actually receive?","Twelve-month status history, SLA, incident samples, RTO, and RPO","The service target matches launch risk and recovery responsibilities are explicit","The SLA excludes the app, API, video, payments, or major dependencies","Engineering","Before contract"
"Scale","Has the exact plan supported comparable concurrency, media, and notification volume?","Reference customers, load-test evidence, quota sheet, and a launch-day escalation plan","Limits and surge procedures cover the modeled 100K-audience launch","Scale is inferred from total registered users rather than concurrent behavior","Engineering","Before launch"
"Moderation","Can staff prevent, detect, review, appeal, and document abuse?","Role matrix, queues, reporting flow, rate limits, ban evasion controls, and audit export","Safety workflows cover the expected harms and preserve an appeal trail","AI moderation is offered without human review or policy controls","Trust and safety","Pilot"
"Support","Who owns an incident across platform, payments, app stores, and integrations?","Escalation matrix, support hours, severity definitions, and reference tickets","Named ownership and response targets exist for launch-critical incidents","Each vendor redirects responsibility to another provider","Operations","Before contract"
"Total cost","What is the 24-month cost at base, growth, and surge scenarios?","Plan, overage, transaction, app, API, email, video, migration, service, and engineering costs","The downside scenario fits the model and every metered dimension has an alert","Headline subscription price omits mandatory implementation or usage costs","Finance","Before contract"
"Contract change","Can pricing, quotas, and material features change during the term?","Order form, price-protection language, deprecation policy, and renewal cap","Material economics and required capabilities are protected for the pilot and migration window","The vendor may remove features or multiply price without an exit period","Legal","Before contract"
"Exit plan","Can the team leave within 30 days without losing identity, revenue, or history?","Written runbook, sample exports, API tests, app-transfer terms, and deletion certificate","A timed exit rehearsal succeeds before the full audience is migrated","Exit depends on goodwill, custom consulting, or a future feature","Program lead","Before launch"
"References","Have comparable customers confirmed the operating reality?","Two reference calls with similar scale, paid model, app model, and customization needs","References validate support, exports, releases, and limits—not only onboarding","Only testimonials selected by marketing are available","Founder","Before contract"
"Pilot gate","What evidence permits renewal, expansion, headless work, or a custom build?","Signed 30/60/90 scorecard with owners and thresholds","Architecture spend is released only when activation, retention, economics, and a repeated constraint clear their gates","The next build phase is scheduled before member behavior is measured","Founder","Before launch"
